<?xml version="1.0" encoding="UTF-8"?>
<project-private xmlns="http://www.netbeans.org/ns/project-private/1">
    <editor-bookmarks xmlns="http://www.netbeans.org/ns/editor-bookmarks/2" lastBookmarkId="0"/>
    <open-files xmlns="http://www.netbeans.org/ns/projectui-open-files/2">
        <group>
            <file>file:/C:/Users/vasim/Documents/GitHub/tic-tac-toe-Catalin504/views/move.blade.php</file>
            <file>file:/C:/Users/vasim/Documents/GitHub/tic-tac-toe-Catalin504/public/assets/js/move.js</file>
            <file>file:/C:/Users/vasim/Documents/GitHub/tic-tac-toe-Catalin504/views/app.blade.php</file>
            <file>file:/C:/Users/vasim/Documents/GitHub/tic-tac-toe-Catalin504/views/board.blade.php</file>
            <file>file:/C:/Users/vasim/Documents/GitHub/tic-tac-toe-Catalin504/index.php</file>
        </group>
    </open-files>
</project-private>
